[
  {
    "name": "Community Health Connections: ACTION Community Health Center",
    "address": "130 Water Street, Fitchburg, MA 01420",
    "phone": "(978) 878-8100",
    "types": "Dental Care, Primary Care",
    "website": "https://www.chcfhc.org",
    "source": ""
  },
  {
    "name": "CHP Lee Family Practice",
    "address": "11 Quarry Hill Road, Lee, MA 02138",
    "phone": "(413) 243-0536",
    "types": "Eye Care, Primary Care",
    "website": "https://www.chpberkshires.org",
    "source": ""
  },
  {
    "name": "CHA Malden Family Medicine Center",
    "address": "195 Canal Street, Malden, MA 02148",
    "phone": "(781) 338-0500",
    "types": "Primary Care",
    "website": "https://www.challiance.org/location/primary-care-locations.aspx",
    "source": ""
  },
  {
    "name": "CHA Broadway Health Center",
    "address": "300 Broadway, Somerville, MA 02145",
    "phone": "(617) 284-7000",
    "types": "Primary Care",
    "website": "https://www.challiance.org/location/primary-care-locations.aspx",
    "source": ""
  },
  {
    "name": "CHA East Cambridge Health Center",
    "address": "163 Gore Street, Cambridge, MA 02141",
    "phone": "(617) 665-3000",
    "types": "Primary Care",
    "website": "https://www.challiance.org/location/primary-care-locations.aspx",
    "source": ""
  },
  {
    "name": "CHA Cambridge Family Health North",
    "address": "2067 Mass Avenue, Cambridge, MA 02140",
    "phone": "(617) 575-5570",
    "types": "Primary Care",
    "website": "https://www.challiance.org/location/primary-care-locations.aspx",
    "source": ""
  },
  {
    "name": "CHA Cambridge Family Health",
    "address": "237 Hampshire Street, Cambridge, MA 02139",
    "phone": "(617) 575-5570",
    "types": "Primary Care",
    "website": "https://www.challiance.org/location/primary-care-locations.aspx",
    "source": ""
  },
  {
    "name": "Caring Health Center – Forest Park at the “X” – 532 Sumner Ave, Springfield",
    "address": "532 Sumner Avenue, Springfield, MA 01108",
    "phone": "(413) 739-1100",
    "types": "Dental Care, Primary Care",
    "website": "https://www.caringhealth.org",
    "source": ""
  },
  {
    "name": "Caring Health Center: 860 Boston Rd, Springfield",
    "address": "860 Boston Road, Springfield, MA 01103",
    "phone": "(413) 739-1100",
    "types": "Primary Care",
    "website": "https://www.caringhealth.org",
    "source": ""
  },
  {
    "name": "Cambridge Health Alliance Health Centers",
    "address": "1493 Cambridge Street, Cambridge, MA 02139",
    "phone": "(617) 665-2300",
    "types": "Primary Care",
    "website": "https://www.challiance.org/locations/locations.shtml",
    "source": ""
  },
  {
    "name": "Brookside Community Health Center",
    "address": "3297 Washington Street, Jamaica Plain, MA 02130",
    "phone": "(617) 522-4700",
    "types": "Dental Care, Primary Care",
    "website": "https://www.brighamandwomens.org/brookside",
    "source": ""
  },
  {
    "name": "Brockton Neighborhood Health Center",
    "address": "63 Main Street, Brockton, MA 02301",
    "phone": "(508) 559-6699",
    "types": "Dental Care, Eye Care, Primary Care",
    "website": "https://www.bnhc.org",
    "source": ""
  },
  {
    "name": "Bowdoin Street Health Center",
    "address": "230 Bowdoin Street, Boston, MA 02122",
    "phone": "(617) 754-0100",
    "types": "Eye Care, Primary Care",
    "website": "https://www.bidmc.org/locations/bowdoin-street-health-center",
    "source": ""
  },
  {
    "name": "Boston Health Care for the Homeless Program",
    "address": "Jean Yawkey Place, Boston, MA 02118",
    "phone": "(857) 654-1000",
    "types": "Dental Care, Primary Care",
    "website": "https://www.bhchp.org",
    "source": ""
  },
  {
    "name": "Baystate Mason Square Community Health Center",
    "address": "11 Wilbraham Road, Springfield, MA 01109",
    "phone": "(413) 794-3710",
    "types": "Primary Care",
    "website": "https://www.baystatehealth.org/locations/mason-square-neighborhood-health-center",
    "source": ""
  },
  {
    "name": "Baystate Brightwood Health Center/Centro de Salud",
    "address": "380 Plainfield Street, Springfield, MA 01107",
    "phone": "(413) 794-4458",
    "types": "Primary Care",
    "website": "https://www.baystatehealth.org/locations/brightwood-health-center-centro-de-salud",
    "source": ""
  },
  {
    "name": "CHP Adams Family Dental (ADC)",
    "address": "19 Depot St, Adams, MA 01220",
    "phone": "(413) 528-9311",
    "types": "Dental Care, Primary Care",
    "website": "https://www.chpberkshires.org",
    "source": ""
  },
  {
    "name": "NeighborHealth – East Boston – Gove St",
    "address": "10 Gove Street, East Boston, MA 02128",
    "phone": "(617) 569-5800",
    "types": "Primary Care",
    "website": "https://www.neighborhealth.com/en/",
    "source": ""
  },
  {
    "name": "Duffy Health Center",
    "address": "94 Main Street, Hyannis, MA 02601",
    "phone": "(508) 771-9599",
    "types": "Primary Care",
    "website": "https://www.duffyhealthcenter.org",
    "source": ""
  },
  {
    "name": "DotHouse Health",
    "address": "1353 Dorchester Avenue, Boston, MA 02122",
    "phone": "(617) 288-3230",
    "types": "Dental Care, Eye Care, Primary Care",
    "website": "https://www.dorchesterhouse.org",
    "source": ""
  },
  {
    "name": "Dimock Community Health Center",
    "address": "55 Dimock Street, Boston, MA 02119",
    "phone": "(617) 442-8800",
    "types": "Dental Care, Eye Care, Primary Care",
    "website": "https://www.dimock.org",
    "source": ""
  },
  {
    "name": "Community Health Center of Franklin County – Urgent Dental Care Clinic",
    "address": "164 High Street, Greenfield, MA 01301",
    "phone": "(413) 325-8700",
    "types": "Dental Care",
    "website": "https://www.chcfc.org",
    "source": ""
  },
  {
    "name": "Community Health Center of Cape Cod – Mashpee",
    "address": "107 Commercial Street, Mashpee, MA 02649",
    "phone": "(508) 477-7090",
    "types": "Dental Care, Eye Care, Primary Care",
    "website": "https://www.chcofcapecod.org",
    "source": ""
  },
  {
    "name": "Community Health Center of Cape Cod – Falmouth",
    "address": "210 Jones Road, Falmouth, MA 02540",
    "phone": "(508) 540-2949",
    "types": "Dental Care, Primary Care",
    "website": "https://www.chcofcapecod.org",
    "source": ""
  },
  {
    "name": "Community Health Center of Cape Cod – Buzzards Bay",
    "address": "123 Waterhouse Road, Buzzards Bay, MA 02532",
    "phone": "(508) 759-7920",
    "types": "Primary Care",
    "website": "https://www.chcofcapecod.org",
    "source": ""
  },
  {
    "name": "Codman Square Health Center",
    "address": "637 Washington Street, Boston, MA 02124",
    "phone": "(617) 825-9660",
    "types": "Dental Care, Eye Care, Primary Care",
    "website": "https://www.codman.org",
    "source": ""
  },
  {
    "name": "CHP Great Barrington Community Health Center",
    "address": "444 Stockbridge Road, Great Barrington, MA 01230",
    "phone": "(413) 528-8580",
    "types": "Eye Care, Primary Care",
    "website": "https://www.chpberkshires.org",
    "source": ""
  },
  {
    "name": "CHP Great Barrington Family Dental Center",
    "address": "444 Stockbridge Rd., Great Barrington, MA 01230",
    "phone": "(413) 528-5565",
    "types": "Dental Care",
    "website": "https://www.chpberkshires.org",
    "source": ""
  },
  {
    "name": "Greater Roslindale Medical & Dental Center",
    "address": "4199 Washington Street, Roslindale, MA 02131",
    "phone": "(617) 323-4440",
    "types": "Dental Care, Primary Care",
    "website": "https://www.roslindale.org",
    "source": ""
  },
  {
    "name": "Harvard Street Adolescent Child Life Center",
    "address": "895 Blue Hill Avenue, Boston, MA 02121",
    "phone": "(617) 822-5510",
    "types": "Primary Care",
    "website": "https://www.harvardstreet.org",
    "source": ""
  },
  {
    "name": "Harvard Street Neighborhood Health Center",
    "address": "632 Blue Hill Avenue, Boston, MA 02121",
    "phone": "(617) 825-3400",
    "types": "Dental Care, Primary Care",
    "website": "https://www.harvardstreet.org",
    "source": ""
  },
  {
    "name": "HealthFirst Family Care Center",
    "address": "387 Quarry Street, Fall River, MA 02723",
    "phone": "(508) 679-8111",
    "types": "Dental Care, Primary Care",
    "website": "https://www.healthfirstfr.org",
    "source": ""
  },
  {
    "name": "Holyoke Health Center",
    "address": "230 Maple Street, Holyoke, MA 01040",
    "phone": "(413) 420-2200",
    "types": "Dental Care, Primary Care",
    "website": "https://www.hhcinc.org",
    "source": ""
  },
  {
    "name": "Massachusetts League of Community Health Centers – ADMIN ONLY SITE",
    "address": "40 Court Street, Boston, MA 02108",
    "phone": "(617) 426-2225",
    "types": "Administration Only",
    "website": "",
    "source": ""
  },
  {
    "name": "Holyoke Health Dental Clinic – Western Massachusetts Hospital",
    "address": "91 East Mountain Road, Westfield, MA 01085",
    "phone": "(413) 420-6260",
    "types": "Dental Care",
    "website": "https://www.hhcinc.org",
    "source": ""
  },
  {
    "name": "Charles River Community Health – Brighton",
    "address": "495 Western Ave, Brighton, MA 02135",
    "phone": "(617) 783-0500",
    "types": "Dental Care, Eye Care, Primary Care",
    "website": "https://www.charlesriverhealth.org/",
    "source": ""
  },
  {
    "name": "Greater Lawrence Family Health Center, Inc.",
    "address": "34 Haverhill Street, Lawrence, MA 01841",
    "phone": "(978) 686-0090",
    "types": "Primary Care",
    "website": "https://www.glfhc.org",
    "source": ""
  },
  {
    "name": "Harbor Health: Geiger Gibson Community Health Center",
    "address": "250 Mount Vernon Street, Boston, MA 02125",
    "phone": "(617) 288-1140",
    "types": "Dental Care, Primary Care",
    "website": "https://www.hhsi.us",
    "source": ""
  },
  {
    "name": "North Shore Community Health: Gloucester Family Health Center",
    "address": "302 Washington Street, Gloucester, MA 01930",
    "phone": "(978) 282-8899",
    "types": "Dental Care, Primary Care",
    "website": "https://www.nschi.org",
    "source": ""
  },
  {
    "name": "Edward M Kennedy Community Health Center – Worcester",
    "address": "19 Tacoma Street, Worcester, MA 01605",
    "phone": "(508) 852-1805",
    "types": "Dental Care, Eye Care, Primary Care",
    "website": "https://www.kennedychc.org/",
    "source": ""
  },
  {
    "name": "Edward M Kennedy Community Health Center – ADMIN ONLY SITE",
    "address": "650 Lincoln Street, Worcester, MA 01605",
    "phone": "(800) 853-2288",
    "types": "Administration Only",
    "website": "https://www.kennedychc.org/",
    "source": ""
  },
  {
    "name": "Haverhill Family Health Center",
    "address": "150 Park Street, Lawrence, MA 01841",
    "phone": "(978) 685-1770",
    "types": "Primary Care",
    "website": "https://www.glfhc.org",
    "source": ""
  },
  {
    "name": "Community Health Connections: Greater Gardner Community Health Center",
    "address": "175 Connors Street, Gardner, MA 01440",
    "phone": "(978) 878-8100",
    "types": "Dental Care, Primary Care",
    "website": "https://www.chcfhc.org",
    "source": ""
  },
  {
    "name": "New Bedford  Community Health",
    "address": "874 Purchase Street, New Bedford, MA 02740",
    "phone": "(508) 992-6553",
    "types": "Dental Care, Eye Care, Primary Care",
    "website": "https://www.gnbchc.org",
    "source": ""
  },
  {
    "name": "Greater Lawrence Family Health Center – South site",
    "address": "73D Winthrop Avenue (Plaza 114), Lawrence, MA 01843",
    "phone": "(978) 686-3017",
    "types": "Primary Care",
    "website": "https://www.glfhc.org",
    "source": ""
  },
  {
    "name": "Greater Lawrence Family Health Center – West site",
    "address": "700 Essex Street, Lawrence, MA 01840",
    "phone": "(978) 689-2400",
    "types": "Primary Care",
    "website": "https://www.glfhc.org",
    "source": ""
  },
  {
    "name": "Market Square Family Health Services at Western Avenue",
    "address": "694 Western Avenue, Lynn, MA 01905",
    "phone": "(781) 595-7348",
    "types": "Primary Care",
    "website": "https://www.lchcnet.org",
    "source": ""
  },
  {
    "name": "Market Square Family Health Center",
    "address": "29 Market Square, Lynn, MA 01905",
    "phone": "(781) 596-3500",
    "types": "Primary Care",
    "website": "https://www.lchcnet.org",
    "source": ""
  },
  {
    "name": "Manet Community Health Center at Snug Harbor",
    "address": "9 Bicknell Street, Quincy, MA 02169",
    "phone": "(617) 471-4715",
    "types": "Primary Care",
    "website": "https://www.manetchc.org",
    "source": ""
  },
  {
    "name": "Manet Community Health Center at Hull",
    "address": "180 George Washington Blvd, Hull, MA 02045",
    "phone": "(781) 925-4550",
    "types": "Primary Care",
    "website": "https://www.manetchc.org",
    "source": ""
  },
  {
    "name": "Lowell Community Health Center",
    "address": "161 Jackson Street, Lowell, MA 01852",
    "phone": "(978) 937-9700",
    "types": "Primary Care",
    "website": "https://www.lchealth.org",
    "source": ""
  },
  {
    "name": "Methuen Family Health Center",
    "address": "70 East St, Methuen, MA 01844",
    "phone": "(978) 683-3491",
    "types": "Primary Care",
    "website": "https://www.glfhc.org/",
    "source": ""
  },
  {
    "name": "Lynn Community Health Center",
    "address": "269 Union Street, Lynn, MA 01901",
    "phone": "(781) 581-3900",
    "types": "Dental Care, Primary Care",
    "website": "https://www.lchcnet.org",
    "source": ""
  },
  {
    "name": "Lynn Community Health Center",
    "address": "280 Union Street, Lynn, MA 01901",
    "phone": "(781) 581-3900",
    "types": "Primary Care",
    "website": "https://www.lchcnet.org",
    "source": ""
  },
  {
    "name": "Manet Community Health Center",
    "address": "110 West Squantum Street, Quincy, MA 02171",
    "phone": "(617) 376-3030",
    "types": "Eye Care, Primary Care",
    "website": "https://www.manetchc.org",
    "source": ""
  },
  {
    "name": "Manet Community Health Center at Hough’s Neck",
    "address": "1193 Sea Street, Quincy, MA 02169",
    "phone": "(617) 471-8683",
    "types": "Primary Care",
    "website": "https://www.manetchc.org",
    "source": ""
  },
  {
    "name": "Mattapan Community Health Center",
    "address": "1575 Blue Hill Avenue, Mattapan, MA 02126",
    "phone": "(617) 296-0061",
    "types": "Dental Care, Primary Care",
    "website": "https://www.mattapanchc.org",
    "source": ""
  },
  {
    "name": "MGH Charlestown HealthCare Center",
    "address": "73 High Street, Charlestown, MA 02129",
    "phone": "(617) 724-8135",
    "types": "Primary Care",
    "website": "https://www.massgeneral.org/primarycare/locations/default.aspx",
    "source": ""
  },
  {
    "name": "MGH Chelsea HealthCare Center – 100 Everett Ave",
    "address": "100 Everett Avenue, Chelsea, MA 02150",
    "phone": "(617) 887-4600",
    "types": "Primary Care",
    "website": "https://www.massgeneral.org/primarycare/locations/default.aspx",
    "source": ""
  },
  {
    "name": "MGH Chelsea HealthCare Center – 151 Everett Ave",
    "address": "151 Everett Avenue, Chelsea, MA 02150",
    "phone": "(617) 884-8300",
    "types": "Primary Care",
    "website": "https://www.massgeneral.org/primarycare/locations/default.aspx",
    "source": ""
  },
  {
    "name": "MGH Revere HealthCare Center – Ocean Ave",
    "address": "300 Ocean Avenue, Revere, MA 02151",
    "phone": "(781) 485-6000",
    "types": "Primary Care",
    "website": "https://www.massgeneral.org/primarycare/locations/default.aspx",
    "source": ""
  },
  {
    "name": "MGH Revere HealthCare Center – Broadway",
    "address": "300 Broadway, Revere, MA 02151",
    "phone": "(781) 485-1000",
    "types": "Primary Care",
    "website": "https://www.massgeneral.org/primarycare/locations/default.aspx",
    "source": ""
  },
  {
    "name": "Harbor Community Health Center – Hyannis",
    "address": "30 Elm Avenue, Hyannis, MA 02601",
    "phone": "(508) 778-0300",
    "types": "Dental Care, Primary Care",
    "website": "https://www.hhsi.us",
    "source": ""
  },
  {
    "name": "CHP Pittsfield Neighborhood Health Center",
    "address": "510 North Street, Pittsfield, MA 01201",
    "phone": "(413) 447-2351",
    "types": "Eye Care, Primary Care",
    "website": "https://www.chpberkshires.org",
    "source": ""
  },
  {
    "name": "Harbor Health: Daniel Driscoll – Neponset Health Center",
    "address": "398 Neponset Avenue, Boston, MA 02122",
    "phone": "(617) 282-3200",
    "types": "Eye Care, Primary Care",
    "website": "https://www.hhsi.us",
    "source": ""
  },
  {
    "name": "NEW Health -North End",
    "address": "332 Hanover Street, Boston, MA 02113",
    "phone": "(617) 643-8000",
    "types": "Dental Care, Eye Care, Primary Care",
    "website": "https://northendwaterfronthealth.org/",
    "source": ""
  },
  {
    "name": "North Shore Community Health: Peabody Family Health Center",
    "address": "89 Foster Street, Peabody, MA 01960",
    "phone": "(978) 532-4903",
    "types": "Dental Care, Primary Care",
    "website": "https://www.nschi.org",
    "source": ""
  },
  {
    "name": "Outer Cape Health Services – Provincetown",
    "address": "49 Harry Kemp Way, Provincetown, MA 02657",
    "phone": "(508) 487-9395",
    "types": "Eye Care, Primary Care",
    "website": "https://www.outercape.org",
    "source": ""
  },
  {
    "name": "Harbor Health Plymouth",
    "address": "10 Cordage Park Circle, Plymouth, MA 02360",
    "phone": "(508) 778-5470",
    "types": "Dental Care, Primary Care",
    "website": "https://www.hhsi.us",
    "source": ""
  },
  {
    "name": "North Shore Community Health: Salem Family Health Center",
    "address": "47 Congress Street, Salem, MA 01970",
    "phone": "(978) 744-8388",
    "types": "Dental Care, Primary Care",
    "website": "https://www.nschi.org",
    "source": ""
  },
  {
    "name": "Sidney Borum Jr. Health Center",
    "address": "142 Berkeley Street, Boston, MA 02116",
    "phone": "(617) 457-8140",
    "types": "Primary Care",
    "website": "https://www.sidneyborum.org/",
    "source": ""
  },
  {
    "name": "South Boston Community Health Center – 409 W Broadway",
    "address": "409 West Broadway, Boston, MA 02127",
    "phone": "(617) 269-7500",
    "types": "Primary Care",
    "website": "https://www.sbchc.org",
    "source": ""
  },
  {
    "name": "South Boston Community Health Center – 386 W Broadway",
    "address": "386 West Broadway, Boston, MA 02127",
    "phone": "(617) 269-7500",
    "types": "Dental Care, Eye Care",
    "website": "https://www.sbchc.org",
    "source": ""
  },
  {
    "name": "South Cove Community Health Center – Washington St",
    "address": "885 Washington Street, Boston, MA 02111",
    "phone": "(617) 482-7555",
    "types": "Primary Care",
    "website": "https://www.scchc.org",
    "source": ""
  },
  {
    "name": "South Cove Community Health Center – Hancock St",
    "address": "435 Hancock Street, Quincy, MA 02171",
    "phone": "(617) 745-0280",
    "types": "Dental Care, Eye Care, Primary Care",
    "website": "https://www.scchc.org",
    "source": ""
  },
  {
    "name": "South Cove Community Health Center – South St",
    "address": "145 South Street, Boston, MA 02111",
    "phone": "(617) 521-6730",
    "types": "Dental Care, Eye Care",
    "website": "https://www.scchc.org",
    "source": ""
  },
  {
    "name": "Fenway: South End",
    "address": "142 Berkeley Street, Boston, MA 02116",
    "phone": "(617) 247-7555",
    "types": "Primary Care",
    "website": "https://www.fenwayhealth.org",
    "source": ""
  },
  {
    "name": "NeighborHealth – South End",
    "address": "1601 Washington Street, Boston, MA 02118",
    "phone": "(617) 425-2000",
    "types": "Dental Care, Eye Care, Primary Care",
    "website": "https://www.neighborhealth.com/en/",
    "source": ""
  },
  {
    "name": "Southern Jamaica Plain Health Center",
    "address": "640 Centre Street, Jamaica Plain, MA 02130",
    "phone": "(617) 983-4100",
    "types": "Primary Care",
    "website": "https://www.brighamandwomens.org/sjphc",
    "source": ""
  },
  {
    "name": "The Family HealthCare Center at SSTAR",
    "address": "400 Stanley Street, Fall River, MA 02720",
    "phone": "(508) 675-1054",
    "types": "Primary Care",
    "website": "https://www.sstar.org/site/primaryhealth.asp",
    "source": ""
  },
  {
    "name": "Community Health Center of Franklin County: Greenfield",
    "address": "102 Main Street, Greenfield, MA 01301",
    "phone": "(413) 325-8500",
    "types": "Dental Care, Primary Care",
    "website": "https://www.chcfc.org",
    "source": ""
  },
  {
    "name": "Upham’s Corner Health Center – 500 Columbia Rd",
    "address": "500 Columbia Road, Boston, MA 02125",
    "phone": "(617) 287-0786",
    "types": "Primary Care",
    "website": "https://uphamscornerhealthcenter.org/",
    "source": ""
  },
  {
    "name": "Upham’s Corner Health Center – 636 Columbia Rd",
    "address": "636 Columbia Road, Boston, MA 02125",
    "phone": "(617) 825-9839",
    "types": "Dental Care, Eye Care",
    "website": "https://uphamscornerhealthcenter.org/",
    "source": ""
  },
  {
    "name": "Upham’s Corner Health Center – 415 Columbia Rd",
    "address": "415 Columbia Road, Boston, MA 02125",
    "phone": "(617) 287-8000",
    "types": "Primary Care",
    "website": "https://uphamscornerhealthcenter.org/",
    "source": ""
  },
  {
    "name": "Whittier Street Health Center @Quincy Commons",
    "address": "278 Blue Hill Avenue, Boston, MA 02119",
    "phone": "(617) 858-2550",
    "types": "Primary Care",
    "website": "https://www.wshc.org",
    "source": ""
  },
  {
    "name": "CHA Union Square Family Health",
    "address": "26 Central Street, Somerville, MA 02143",
    "phone": "(617) 665-3370",
    "types": "Primary Care",
    "website": "https://www.challiance.org/location/primary-care-locations.aspx",
    "source": ""
  },
  {
    "name": "Outer Cape Health Services – Wellfleet",
    "address": "3130 Route 6, Wellfleet, MA 02667",
    "phone": "(508) 349-3131",
    "types": "",
    "website": "https://www.outercape.org",
    "source": ""
  },
  {
    "name": "Whittier Street Health Center",
    "address": "1290 Tremont Street, Boston, MA 02120",
    "phone": "(617) 427-1000",
    "types": "Dental Care, Eye Care, Primary Care",
    "website": "https://www.wshc.org",
    "source": ""
  },
  {
    "name": "Hilltown: Worthington Health Center",
    "address": "58 Old North Road, Worthington, MA 01098",
    "phone": "(413) 238-5511",
    "types": "Dental Care, Primary Care",
    "website": "https://www.hchcweb.org",
    "source": ""
  },
  {
    "name": "Springfield Health Services for the Homeless Health Center",
    "address": "1145 Main St, Suite 208, Springfield, MA 01103",
    "phone": "(413) 750-2067",
    "types": "Dental Care, Primary Care",
    "website": "https://www.springfield-ma.gov/hhs/",
    "source": ""
  },
  {
    "name": "Outer Cape- Harwich Port Health Center",
    "address": "710 MA 28, Harwich, MA 02645",
    "phone": "(508) 432-1400",
    "types": "Primary Care",
    "website": "https://www.outercape.org/",
    "source": ""
  },
  {
    "name": "South Cove Community Health Center – Holmes St",
    "address": "88 Holmes Street, Quincy, MA 02171",
    "phone": "(617) 318-3200",
    "types": "Dental Care, Eye Care, Primary Care",
    "website": "https://www.scchc.org",
    "source": ""
  },
  {
    "name": "Manet Community Health Center",
    "address": "1 Washington Street, Taunton, MA 02780",
    "phone": "(508) 822-5500",
    "types": "Primary Care",
    "website": "https://www.manetchc.org/",
    "source": ""
  },
  {
    "name": "Edward M Kennedy Community Health Center- Milford",
    "address": "42 Cape Road, Milford, MA 01757",
    "phone": "(800) 853-2288",
    "types": "Primary Care",
    "website": "https://www.edwardmkennedychc.org",
    "source": ""
  },
  {
    "name": "Community Health Connections: South Gardner Community Health & Urgent Care Center",
    "address": "529 Timpany Boulevard, South Gardner, MA 01440",
    "phone": "(978) 878-8100",
    "types": "Dental Care, Primary Care",
    "website": "https://www.chcfhc.org",
    "source": ""
  },
  {
    "name": "Caring Health Center – Richard E. Neal Complex, 1049 Main St Springfield",
    "address": "1049 Main Street, Springfield, MA 01103",
    "phone": "(413) 739-1100",
    "types": "Dental Care, Primary Care",
    "website": "https://www.caringhealth.org",
    "source": ""
  },
  {
    "name": "SSTAR South End Services",
    "address": "1010 South Main St, Fall River, MA 02824",
    "phone": "(508) 675-1054",
    "types": "Primary Care",
    "website": "https://www.sstar.org/site/primaryhealth.asp",
    "source": ""
  },
  {
    "name": "Greater Lawrence Family Health Center, Inc. (Methuen)",
    "address": "401 Griffin Brook Road, Methuen, MA 01844",
    "phone": "(978) 686-0090",
    "types": "Primary Care",
    "website": "https://www.glfhc.org",
    "source": ""
  },
  {
    "name": "NEW Health – Charlestown",
    "address": "15 Tufts Street, Boston, MA 02129",
    "phone": "(857) 238-1100",
    "types": "Dental Care, Eye Care, Primary Care",
    "website": "https://newhealthcharlestown.org/",
    "source": ""
  },
  {
    "name": "Holyoke Health Dental Clinic – Holyoke Soldiers’ Home",
    "address": "110 Cherry Street, Westfield, MA 01040",
    "phone": "(413) 420-6270",
    "types": "Dental Care",
    "website": "https://www.hhcinc.org",
    "source": ""
  },
  {
    "name": "Brockton Neighborhood Health Center",
    "address": "160 Pleasant St, Brockton, MA 02301",
    "phone": "(508) 559-6699",
    "types": "Primary Care",
    "website": "https://www.bnhc.org",
    "source": ""
  },
  {
    "name": "Community Health Center of Franklin County: Orange",
    "address": "119 New Athol Rd, Orange, MA 01364",
    "phone": "(413) 325-8500",
    "types": "Dental Care, Primary Care",
    "website": "https://www.chcfc.org",
    "source": ""
  },
  {
    "name": "Community Health Center of Cape Cod – Centerville",
    "address": "1185B Falmouth Road, Centerville, MA 02632",
    "phone": "(508) 759-7920",
    "types": "Primary Care",
    "website": "https://www.chcofcapecod.org",
    "source": ""
  },
  {
    "name": "Harbor Health Services Inc – ADMIN ONLY SITE",
    "address": "1135 Morton Street, Mattapan, MA 02126",
    "phone": "(617) 533-2400",
    "types": "Administration Only",
    "website": "https://www.hhsi.us",
    "source": ""
  },
  {
    "name": "NeighorHealth – Winthrop",
    "address": "17 Main Street, Winthrop, MA 02152",
    "phone": "(617) 568-4840",
    "types": "Primary Care",
    "website": "https://www.neighborhealth.com/en/",
    "source": ""
  },
  {
    "name": "South Boston Health/Seaport",
    "address": "505 Congress Street, Street Level, Boston, MA 02210",
    "phone": "(617) 269-7500",
    "types": "Primary Care",
    "website": "https://www.sbchc.org",
    "source": ""
  },
  {
    "name": "Hilltown: John P. Musante Health Center",
    "address": "70 Boltwood Walk, Amherst, MA 01002",
    "phone": "(413) 238-5511",
    "types": "Primary Care",
    "website": "https://www.hchcweb.org/",
    "source": ""
  },
  {
    "name": "Outer Cape Health Services – ADMIN ONLY SITE",
    "address": "710 Main Street, Harwich Port, MA 02646",
    "phone": "(508) 905-2800",
    "types": "Administration Only",
    "website": "https://outercape.org/",
    "source": ""
  },
  {
    "name": "CHP Pittsfield Neighborhood Dental Center",
    "address": "510 North Street, Suite 2, Pittsfield, MA 01201",
    "phone": "(413) 447-2781",
    "types": "Dental Care",
    "website": "https://www.chpberkshires.org",
    "source": ""
  },
  {
    "name": "CHP Berkshire Pediatrics",
    "address": "777 North Street, Suite 305, Pittsfield, MA 01201",
    "phone": "(413) 499-8531",
    "types": "Primary Care",
    "website": "https://www.chpberkshires.org",
    "source": ""
  },
  {
    "name": "South Cove Community Health Center – Malden",
    "address": "227 Commercial Street, Malden, MA 02148",
    "phone": "(781) 912-2500",
    "types": "Eye Care, Primary Care",
    "website": "https://www.scchc.org",
    "source": ""
  },
  {
    "name": "CHP Barrington OB/GYN",
    "address": "East Mountain Medical Building, 780 South Main Street, Great Barrington, MA 01230",
    "phone": "(413) 528-1470",
    "types": "Primary Care",
    "website": "https://www.chpberkshires.org",
    "source": ""
  },
  {
    "name": "Manet Community Health Center at Attleboro",
    "address": "8 North Main St, Attleboro, MA 02703",
    "phone": "(508) 205-4600",
    "types": "Primary Care",
    "website": "https://www.manetchc.org",
    "source": ""
  },
  {
    "name": "Lowell Community Health Center- Dental & Eye Care",
    "address": "101 Jackson Street, Lowell, MA 01852",
    "phone": "(978) 937-9700",
    "types": "Dental Care, Eye Care",
    "website": "https://www.lchealth.org",
    "source": ""
  },
  {
    "name": "CHP Administration Office",
    "address": "444 Stockbridge Road, Great Barrington, MA 01230",
    "phone": "(413) 528-9311",
    "types": "Administration Only",
    "website": "https://www.chpberkshires.org",
    "source": ""
  },
  {
    "name": "Haverhill Family Health Center",
    "address": "755 Main Street, Haverhill, MA 01830",
    "phone": "(978) 686-0090",
    "types": "Primary Care",
    "website": "https://glfhc.org/",
    "source": ""
  },
  {
    "name": "CHP Great Barrington Family Services",
    "address": "442 Stockbridge Road, Great Barrington, MA 01230",
    "phone": "(413) 528-0457",
    "types": "",
    "website": "https://www.chpberkshires.org",
    "source": ""
  },
  {
    "name": "Fenway Health: Prevention Clinic",
    "address": "359 Green St. , Cambridge, MA 02139 6172670900",
    "phone": "0213961726",
    "types": "",
    "website": "https://fenwayhealth.org/aac/programs-services/access/",
    "source": ""
  },
  {
    "name": "Community Health Center of Franklin County: Turners Falls",
    "address": "8 Burnham St, Turner Falls, MA 01376",
    "phone": "(413)413-8500",
    "types": "Primary Care",
    "website": "https://www.chcfc.org/turners-falls",
    "source": ""
  },
  {
    "name": "Caring Health Center – 473 Sumner Ave, Springfield",
    "address": "473 Sumner Ave, Springfield, MA 01108",
    "phone": "(413) 739-1100",
    "types": "",
    "website": "https://www.caringhealth.org",
    "source": ""
  },
  {
    "name": "CHP Adams Family Services",
    "address": "19 Depot St. , Adams, MA 01220",
    "phone": "(413) 528-9311",
    "types": "",
    "website": "https://chpberkshires.org/locations/adams-family-services/",
    "source": ""
  },
  {
    "name": "CHP Adams Family Medicine",
    "address": "19 Depot St. , Adams, MA 01220",
    "phone": "(413) 664-4088",
    "types": "Primary Care",
    "website": "https://chpberkshires.org/locations/adams-family-medicine/",
    "source": ""
  },
  {
    "name": "CHA One Cabot Care Center",
    "address": "1 Cabot Rd, Medford, MA 02155 617-591-6840",
    "phone": "617-591-6840",
    "types": "Primary Care",
    "website": "https://www.challiance.org/locations/medford/cha-one-cabot-care-center",
    "source": ""
  },
  {
    "name": "Athol Memorial Hospital",
    "address": "2033 Main Street",
    "phone": "(978) 249-3511",
    "types": "Hospital Services",
    "website": "",
    "source": "official_document"
  },
  {
    "name": "Sturdy Memorial Hospital",
    "address": "211 Park Street, Attleboro, MA 02703",
    "phone": "(508) 222-5200",
    "types": "Hospital Services",
    "website": "",
    "source": "official_document"
  },
  {
    "name": "Beverly Hospital",
    "address": "85 Herrick Street, Beverly, MA 01915",
    "phone": "(978) 922-3000",
    "types": "Hospital Services",
    "website": "",
    "source": "official_document"
  },
  {
    "name": "Beth Israel Deaconess Medical Center",
    "address": "",
    "phone": "(617) 667-7000",
    "types": "",
    "website": "",
    "source": "official_document"
  },
  {
    "name": "Brigham and Women's Hospital",
    "address": "75 Francis Street, Boston, MA 02115",
    "phone": "(617) 732-5500",
    "types": "Hospital Services",
    "website": "",
    "source": "official_document"
  },
  {
    "name": "Massachusetts General Hospital",
    "address": "55 Fruit Street, Boston, MA 02114",
    "phone": "(617) 726-2000",
    "types": "Hospital Services",
    "website": "",
    "source": "official_document"
  },
  {
    "name": "Boston Children's Hospital",
    "address": "300 Longwood Avenue, Boston, MA 02115",
    "phone": "(617) 355-6000",
    "types": "Hospital Services",
    "website": "",
    "source": "official_document"
  },
  {
    "name": "Boston Medical Center",
    "address": "1 Boston Medical Center Place, Boston, MA 02118",
    "phone": "(617) 638-8000",
    "types": "",
    "website": "",
    "source": "official_document"
  },
  {
    "name": "Dana Farber Cancer Institute",
    "address": "44 Binney Street, Boston, MA 02115",
    "phone": "(617) 632-3000",
    "types": "",
    "website": "",
    "source": "official_document"
  },
  {
    "name": "Massachusetts Eye and Ear Infirmary",
    "address": "243 Charles Street, Boston, MA 02114",
    "phone": "(617) 523-7900",
    "types": "Eye Care",
    "website": "",
    "source": "official_document"
  },
  {
    "name": "Shriner's Hospital for Children Boston",
    "address": "51 Blossom Street, Boston, MA 01608",
    "phone": "(978) 578-9078",
    "types": "Hospital Services",
    "website": "",
    "source": "official_document"
  },
  {
    "name": "Tufts Medical Center",
    "address": "800 Washington Street, Boston, MA 02111",
    "phone": "(617) 636-5000",
    "types": "",
    "website": "",
    "source": "official_document"
  },
  {
    "name": "Boston Medical Center - Brighton",
    "address": "736 Cambridge Street, Boston (Brighton), MA 02135",
    "phone": "(617) 789-3000",
    "types": "",
    "website": "",
    "source": "official_document"
  },
  {
    "name": "Brigham and Women's Faulkner Hospital",
    "address": "1153 Centre Street, Boston (Jamaica Plain), MA 02130",
    "phone": "(617) 983-7000",
    "types": "Hospital Services",
    "website": "",
    "source": "official_document"
  },
  {
    "name": "New England Baptist Hospital",
    "address": "125 Parker Hill Avenue, Boston (Roxbury), MA 02120",
    "phone": "(617) 754-5000",
    "types": "Hospital Services",
    "website": "",
    "source": "official_document"
  },
  {
    "name": "Signature Healthcare Brockton Hospital",
    "address": "680 Centre Street, Brockton, MA 02302",
    "phone": "(508) 941-7040",
    "types": "Hospital Services",
    "website": "",
    "source": "official_document"
  },
  {
    "name": "Boston Medical Center - South",
    "address": "235 North Pearl Street, Brockton, MA 02301",
    "phone": "(508) 427-3000",
    "types": "",
    "website": "",
    "source": "official_document"
  },
  {
    "name": "Lahey Hospital & Medical Center",
    "address": "",
    "phone": "(781) 744-5100",
    "types": "Hospital Services",
    "website": "",
    "source": "official_document"
  },
  {
    "name": "Mount Auburn Hospital",
    "address": "330 Mount Auburn Street, Cambridge, MA 02138",
    "phone": "(617) 492-3500",
    "types": "Hospital Services",
    "website": "",
    "source": "official_document"
  },
  {
    "name": "UMass Memorial- Clinton Hospital",
    "address": "201 Highland Street",
    "phone": "(978) 368-3000",
    "types": "Hospital Services",
    "website": "",
    "source": "official_document"
  },
  {
    "name": "Emerson Hospital",
    "address": "133 Old Road to Nine Acre Corner",
    "phone": "(978) 369-1400",
    "types": "Hospital Services",
    "website": "",
    "source": "official_document"
  },
  {
    "name": "CHA Everett Hospital",
    "address": "103 Garland Street",
    "phone": "(617) 389-6270",
    "types": "Hospital Services",
    "website": "",
    "source": "official_document"
  },
  {
    "name": "Charlton Memorial Hospital",
    "address": "363 Highland Avenue, Fall River, MA 02720",
    "phone": "(508) 679-3131",
    "types": "Hospital Services",
    "website": "",
    "source": "official_document"
  },
  {
    "name": "Brown Univeristy Health St. Anne's Hospital",
    "address": "795 Middle Street, Fall River, MA 02721",
    "phone": "(508) 674-5600",
    "types": "Hospital Services",
    "website": "",
    "source": "official_document"
  },
  {
    "name": "Falmouth Hospital",
    "address": "100 Ter Heun Drive",
    "phone": "(508) 548-5300",
    "types": "Hospital Services",
    "website": "",
    "source": "official_document"
  },
  {
    "name": "MetroWest Medical Center - Framingham Union Hospital",
    "address": "115 Lincoln Street, Framingham, MA 01701",
    "phone": "(508) 383-1000",
    "types": "Hospital Services",
    "website": "",
    "source": "official_document"
  },
  {
    "name": "Heywood Hospital",
    "address": "242 Green Street",
    "phone": "(978) 632-3420",
    "types": "Hospital Services",
    "website": "",
    "source": "official_document"
  },
  {
    "name": "Addison Gilbert Hospital",
    "address": "298 Washington Street, Gloucester, MA 01930",
    "phone": "(978) 283-4000",
    "types": "Hospital Services",
    "website": "",
    "source": "official_document"
  },
  {
    "name": "Fairview Hospital",
    "address": "29 Lewis Avenue",
    "phone": "(413) 528-8600",
    "types": "Hospital Services",
    "website": "",
    "source": "official_document"
  },
  {
    "name": "Holyoke Medical Center",
    "address": "575 Beech Street, Holyoke, MA 01040",
    "phone": "(413) 534-2500",
    "types": "",
    "website": "",
    "source": "official_document"
  },
  {
    "name": "Cape Cod Hospital",
    "address": "27 Park Street",
    "phone": "(508) 771-1800",
    "types": "Hospital Services",
    "website": "",
    "source": "official_document"
  },
  {
    "name": "Lawrence General Hospital",
    "address": "1 General Street, Lawrence, MA 01842",
    "phone": "(978) 683-4000",
    "types": "Hospital Services",
    "website": "",
    "source": "official_document"
  },
  {
    "name": "60 Hospital Road",
    "address": "",
    "phone": "(978) 466-2000",
    "types": "Hospital Services",
    "website": "",
    "source": "official_document"
  },
  {
    "name": "Lowell General Hospital",
    "address": "295 Varnum Avenue, Lowell, MA 01854",
    "phone": "(978) 937-6000",
    "types": "Hospital Services",
    "website": "",
    "source": "official_document"
  },
  {
    "name": "One Hospital Drive",
    "address": "",
    "phone": "(978) 458-1411",
    "types": "Hospital Services",
    "website": "",
    "source": "official_document"
  },
  {
    "name": "Northeast Health System- BayRidge Hospital",
    "address": "60 Granite Street, Lynn, MA 01904",
    "phone": "(781) 599-9200",
    "types": "Hospital Services",
    "website": "",
    "source": "official_document"
  },
  {
    "name": "UMass Memorial - Marlborough Hospital",
    "address": "157 Union Street, Marlborough, MA 01752",
    "phone": "(508) 481-5000",
    "types": "Hospital Services",
    "website": "",
    "source": "official_document"
  },
  {
    "name": "Lawrence Memorial Hospital of Medford",
    "address": "170 Governors Ave, Medford, MA 02155",
    "phone": "(781) 306-6000",
    "types": "Hospital Services",
    "website": "",
    "source": "official_document"
  },
  {
    "name": "Melrose-Wakefield Hospital",
    "address": "585 Lebanon Street",
    "phone": "(781) 979-3000",
    "types": "Hospital Services",
    "website": "",
    "source": "official_document"
  },
  {
    "name": "Milford Regional Medical Center",
    "address": "14 Prospect Street",
    "phone": "(508) 473-1190",
    "types": "",
    "website": "",
    "source": "official_document"
  },
  {
    "name": "Beth Israel Deaconess Hospital - Milton",
    "address": "199 Reedsdale Road",
    "phone": "(617) 696-4600",
    "types": "Hospital Services",
    "website": "",
    "source": "official_document"
  },
  {
    "name": "Nantucket Cottage Hospital",
    "address": "57 Prospect Street",
    "phone": "(508) 825-8100",
    "types": "Hospital Services",
    "website": "",
    "source": "official_document"
  },
  {
    "name": "MetroWest Medical Center - Leonard Morse Hospital",
    "address": "67 Union Street, Natick, MA 01760",
    "phone": "(508) 650-7000",
    "types": "Hospital Services",
    "website": "",
    "source": "official_document"
  },
  {
    "name": "Beth Israel Deaconess Hospital - Needham",
    "address": "148 Chestnut Street, Needham, MA 02492",
    "phone": "(781) 453-3000",
    "types": "Hospital Services",
    "website": "",
    "source": "official_document"
  },
  {
    "name": "Southcoast Hospitals Group- St. Lukes Hospital",
    "address": "101 Page Street, New Bedford, MA 02740",
    "phone": "(508) 997-1515",
    "types": "Hospital Services",
    "website": "",
    "source": "official_document"
  },
  {
    "name": "Anna Jaques Hospital",
    "address": "25 Highland Avenue",
    "phone": "(978) 463-1000",
    "types": "Hospital Services",
    "website": "",
    "source": "official_document"
  },
  {
    "name": "Newton-Wellesley Hospital",
    "address": "2014 Washington Street, Newton, MA 02462",
    "phone": "(617) 243-6000",
    "types": "Hospital Services",
    "website": "",
    "source": "official_document"
  },
  {
    "name": "71 Hospital Ave",
    "address": "",
    "phone": "(413) 664-5000",
    "types": "Hospital Services",
    "website": "",
    "source": "official_document"
  },
  {
    "name": "Cooley Dickinson Hospital",
    "address": "30 Locust Street, Northampton, MA 01061",
    "phone": "(413) 582-2000",
    "types": "Hospital Services",
    "website": "",
    "source": "official_document"
  },
  {
    "name": "1 Hospital Rd",
    "address": "",
    "phone": "(508) 693-0410",
    "types": "Hospital Services",
    "website": "",
    "source": "official_document"
  },
  {
    "name": "Baystate Wing Hospital",
    "address": "40 Wright Street",
    "phone": "(413) 283-7651",
    "types": "Hospital Services",
    "website": "",
    "source": "official_document"
  },
  {
    "name": "Lahey Medical Center, Peabody",
    "address": "1 Essex Center Drive, Peabody, MA 01960",
    "phone": "(978) 538-4000",
    "types": "",
    "website": "",
    "source": "official_document"
  },
  {
    "name": "Berkshire Medical Center",
    "address": "725 North Street, Pittsfield, MA 01201",
    "phone": "(413) 447-2000",
    "types": "",
    "website": "",
    "source": "official_document"
  },
  {
    "name": "Beth Israel Deaconess Hospital - Plymouth",
    "address": "275 Sandwich Street",
    "phone": "(508) 746-2000",
    "types": "Hospital Services",
    "website": "",
    "source": "official_document"
  },
  {
    "name": "Quincy Medical Center",
    "address": "114 Whitwell Street, Quincy, MA 02169",
    "phone": "(617) 773-6100",
    "types": "",
    "website": "",
    "source": "official_document"
  },
  {
    "name": "North Shore Medical Center Salem Hospital",
    "address": "81 Highland Avenue, Salem, MA 01970",
    "phone": "(978) 741-1200",
    "types": "Hospital Services",
    "website": "",
    "source": "official_document"
  },
  {
    "name": "CHA Somerville Hospital",
    "address": "230 Highland Avenue, Somerville, MA 02143",
    "phone": "(617) 591-4500",
    "types": "Hospital Services",
    "website": "",
    "source": "official_document"
  },
  {
    "name": "South Shore Hospital",
    "address": "55 Fogg Road, South Weymouth, MA 02190",
    "phone": "(781) 624-8000",
    "types": "Hospital Services",
    "website": "",
    "source": "official_document"
  },
  {
    "name": "UMass Memorial Health- Harrington Hospital",
    "address": "100 South Street",
    "phone": "(508) 765-9771",
    "types": "Hospital Services",
    "website": "",
    "source": "official_document"
  },
  {
    "name": "Baystate Medical Center",
    "address": "759 Chestnut Street, Springfield, MA 01199",
    "phone": "(413) 794-0000",
    "types": "",
    "website": "",
    "source": "official_document"
  },
  {
    "name": "Mercy Medical Center",
    "address": "271 Carew Street, Springfield, MA 01102",
    "phone": "(413) 886-0410",
    "types": "",
    "website": "",
    "source": "official_document"
  },
  {
    "name": "Brown University Health Morton Hospital",
    "address": "88 Washington Street, Taunton, MA 02780",
    "phone": "(508) 828-7000",
    "types": "Hospital Services",
    "website": "",
    "source": "official_document"
  },
  {
    "name": "Baystate Mary Lane Hospital",
    "address": "85 South Street",
    "phone": "(413) 967-6211",
    "types": "Hospital Services",
    "website": "",
    "source": "official_document"
  },
  {
    "name": "Tobey Hospital",
    "address": "43 High Street",
    "phone": "(508) 295-0880",
    "types": "Hospital Services",
    "website": "",
    "source": "official_document"
  },
  {
    "name": "Baystate Noble Hospital",
    "address": "115 West Silver Street, Westfield, MA 01086",
    "phone": "(413) 568-2811",
    "types": "Hospital Services",
    "website": "",
    "source": "official_document"
  },
  {
    "name": "Winchester Hospital",
    "address": "41 Highland Avenue",
    "phone": "(781) 729-9000",
    "types": "Hospital Services",
    "website": "",
    "source": "official_document"
  },
  {
    "name": "UMass Memorial Medical Center - Memorial Campus",
    "address": "119 Belmont Street, Worcester, MA 01605",
    "phone": "(508) 334-1000",
    "types": "",
    "website": "",
    "source": "official_document"
  },
  {
    "name": "UMass Memorial Medical Center - University Campus",
    "address": "55 Lake Avenue North, Worcester, MA 01655",
    "phone": "(508) 334-1000",
    "types": "",
    "website": "",
    "source": "official_document"
  },
  {
    "name": "Saint Vincent Hospital",
    "address": "123 Summer Street, Worcester, MA 01608",
    "phone": "(508) 363-5000",
    "types": "Hospital Services",
    "website": "",
    "source": "official_document"
  },
  {
    "name": "Charles River Community Health Center - Armington Street",
    "address": "40 Armington Street",
    "phone": "(617) 783-0501",
    "types": "Primary Care",
    "website": "",
    "source": "official_document"
  },
  {
    "name": "Charles River Community Health Center - Athol Street",
    "address": "30 Athol Street",
    "phone": "(617) 783-0502",
    "types": "Primary Care",
    "website": "",
    "source": "official_document"
  },
  {
    "name": "Charles River Community Health - Vision Center",
    "address": "300 Western Avenue",
    "phone": "(617) 783-0500",
    "types": "Eye Care",
    "website": "",
    "source": "official_document"
  },
  {
    "name": "John P Mussante Health Center",
    "address": "",
    "phone": "(413) 835-4980",
    "types": "Primary Care",
    "website": "",
    "source": "official_document"
  },
  {
    "name": "Fenway Health - South End",
    "address": "142 Berkley Street, Boston, MA 02116",
    "phone": "(617) 247-7555",
    "types": "",
    "website": "",
    "source": "official_document"
  },
  {
    "name": "Fenway Health - Ansin Building",
    "address": "1340 Boylston Street, Boston, MA 02215",
    "phone": "(617) 267-0900",
    "types": "",
    "website": "",
    "source": "official_document"
  },
  {
    "name": "Pine Street Inn - Men's Clinic",
    "address": "444 Harrison Avenue, Boston, MA 02118",
    "phone": "(857) 654-1850",
    "types": "",
    "website": "",
    "source": "official_document"
  },
  {
    "name": "Pine Street Inn - Women's Clinic",
    "address": "363 Albany Street, Boston, MA 02118",
    "phone": "(857) 654-1865",
    "types": "",
    "website": "",
    "source": "official_document"
  },
  {
    "name": "Boston Health Care for the Homeless Program",
    "address": "780 Albany Street, Boston, MA 02118",
    "phone": "(857) 654-1000",
    "types": "",
    "website": "",
    "source": "official_document"
  },
  {
    "name": "South End Community Health Center",
    "address": "1601 Washington Street, Boston (South End), MA 02118",
    "phone": "(617) 425-2000",
    "types": "Primary Care",
    "website": "",
    "source": "official_document"
  },
  {
    "name": "South End Associates-- Of Fenway CHC",
    "address": "142 Berkley Street, 2nd Floor, Boston (South End), MA 02116",
    "phone": "(617) 247-7555",
    "types": "",
    "website": "",
    "source": "official_document"
  },
  {
    "name": "Charles River Community Health Center",
    "address": "495 Western Avenue",
    "phone": "(617) 783-0500",
    "types": "Primary Care",
    "website": "",
    "source": "official_document"
  },
  {
    "name": "North End Waterfront Health - Charlestown",
    "address": "15 Tufts Street, Charlestown, MA 02129",
    "phone": "(857) 238-1100",
    "types": "",
    "website": "",
    "source": "official_document"
  },
  {
    "name": "Chicopee Health Center",
    "address": "505 Front Street, Chicopee, MA 01013",
    "phone": "(413) 420-2222",
    "types": "Primary Care",
    "website": "",
    "source": "official_document"
  },
  {
    "name": "Holyoke Health Center - Chicopee Dental Center",
    "address": "601 Memorial Drive, Chicopee, MA 01020",
    "phone": "(413) 420-2839",
    "types": "Dental Care, Primary Care",
    "website": "",
    "source": "official_document"
  },
  {
    "name": "Edward M. Kennedy CHC at Clinton",
    "address": "200 High Street, Clinton, MA 01510",
    "phone": "(978) 368-0340",
    "types": "",
    "website": "",
    "source": "official_document"
  },
  {
    "name": "Upham's Corner Health Center Dental and Eye Care Services",
    "address": "636 Columbia Road",
    "phone": "(617) 825-9839",
    "types": "Dental Care, Eye Care, Primary Care",
    "website": "",
    "source": "official_document"
  },
  {
    "name": "Upham's Corner Health Center Primary Care Services",
    "address": "415 Columbia Road",
    "phone": "(617) 825-9839",
    "types": "Primary Care, Primary Care",
    "website": "",
    "source": "official_document"
  },
  {
    "name": "Neponset Health Center",
    "address": "398 Neponset Avenue",
    "phone": "(617) 282-3200",
    "types": "Primary Care",
    "website": "",
    "source": "official_document"
  },
  {
    "name": "Geiger Gibson Community Health Center",
    "address": "250 Mount Vernon Street",
    "phone": "(617) 288-1140",
    "types": "Primary Care",
    "website": "",
    "source": "official_document"
  },
  {
    "name": "Harvard Street Neighborhood Health Center",
    "address": "632 Blue Hill Avenue",
    "phone": "(617) 825-3400",
    "types": "Primary Care",
    "website": "",
    "source": "official_document"
  },
  {
    "name": "Harvard Street Neighborhood Health Center - Behavioral Health",
    "address": "895 Blue Hill Avenue",
    "phone": "(617) 822-7129",
    "types": "Primary Care",
    "website": "",
    "source": "official_document"
  },
  {
    "name": "HealthFirst Family Care Center",
    "address": "387 Quarry Street, Suite 100, Fall River, MA 02723",
    "phone": "(508) 679-8111",
    "types": "",
    "website": "",
    "source": "official_document"
  },
  {
    "name": "SSTAR South End Services",
    "address": "1010 South Main Street, Fall River, MA 02724",
    "phone": "(508) 675-1054",
    "types": "",
    "website": "",
    "source": "official_document"
  },
  {
    "name": "Stanley Street Treatment and Resources (SSTAR)",
    "address": "386 Stanley Street, Fall River, MA 02720",
    "phone": "(508) 679-5222",
    "types": "",
    "website": "",
    "source": "official_document"
  },
  {
    "name": "Community Health Connections Family Health Center - Fitchburg Community Health Center",
    "address": "326 Nichols Road, Fitchburg, MA 01420",
    "phone": "(978) 878-8100",
    "types": "Primary Care",
    "website": "",
    "source": "official_document"
  },
  {
    "name": "Action Community Health Center",
    "address": "130 Water Street, Suite 4, Fitchburg, MA 01420",
    "phone": "(978) 878-8100",
    "types": "Primary Care",
    "website": "",
    "source": "official_document"
  },
  {
    "name": "Edward M. Kennedy Community Health Center - Framingham Street - Waverley Street",
    "address": "354 Waverley Street, Framingham, MA 01702",
    "phone": "(508) 270-5700",
    "types": "Primary Care",
    "website": "",
    "source": "official_document"
  },
  {
    "name": "Edward M. Kennedy Community Health Center - Framingham Community Health Center - Concord Street",
    "address": "19 Concord Street, Framingham, MA 01702",
    "phone": "(508) 270-2635",
    "types": "Primary Care",
    "website": "",
    "source": "official_document"
  },
  {
    "name": "Greater Gardner Community Health Center",
    "address": "175 Connors Street",
    "phone": "(978) 410-6100",
    "types": "Primary Care",
    "website": "",
    "source": "official_document"
  },
  {
    "name": "South Gardner Community Health & Urgent Care Center",
    "address": "529 Timpany Boulevard",
    "phone": "(978) 878-8100",
    "types": "",
    "website": "",
    "source": "official_document"
  },
  {
    "name": "CHP Barrington OB/GYN",
    "address": "780 Main Street, Great Barrington, MA 01230",
    "phone": "(413) 528-1470",
    "types": "",
    "website": "",
    "source": "official_document"
  },
  {
    "name": "CHP Dental Center",
    "address": "343 Main Street, Great Barrington, MA 01230",
    "phone": "(413) 528-5565",
    "types": "Dental Care",
    "website": "",
    "source": "official_document"
  },
  {
    "name": "CHP (Community Health Programs) Health Center",
    "address": "444 Stockbridge Road",
    "phone": "(413) 528-8580",
    "types": "Primary Care",
    "website": "",
    "source": "official_document"
  },
  {
    "name": "Ellen Jones Community Dental Center",
    "address": "351 Pleasant Lake Avenue, Harwich, MA 02645",
    "phone": "(508) 778-5400",
    "types": "Dental Care",
    "website": "",
    "source": "official_document"
  },
  {
    "name": "Holyoke Health Center Dental Clinic at Holyoke Soldiers Home",
    "address": "110 Cherry Street, Holyoke, MA 01040",
    "phone": "(413) 532-9475",
    "types": "Dental Care, Primary Care",
    "website": "",
    "source": "official_document"
  },
  {
    "name": "River Valley Counseling Center",
    "address": "303 Beech Street, Holyoke, MA 01040",
    "phone": "(413) 540-1234",
    "types": "",
    "website": "",
    "source": "official_document"
  },
  {
    "name": "Manet Community Health Center - Hull",
    "address": "180 George Washington Boulevard",
    "phone": "(781) 925-4550",
    "types": "Primary Care",
    "website": "",
    "source": "official_document"
  },
  {
    "name": "Hilltown Community Health Center- Huntington",
    "address": "73 Russell Road",
    "phone": "(413) 667-3009",
    "types": "Primary Care",
    "website": "",
    "source": "official_document"
  },
  {
    "name": "Duffy Health Center",
    "address": "94 Main Street",
    "phone": "(508) 771-9599",
    "types": "Primary Care",
    "website": "",
    "source": "official_document"
  },
  {
    "name": "Duffy Health Center at Lewis Bay Road",
    "address": "3 Lewis Bay Road",
    "phone": "(508) 771-9599",
    "types": "Primary Care",
    "website": "",
    "source": "official_document"
  },
  {
    "name": "Duffy Mobile Health Clinic",
    "address": "105 Park Street",
    "phone": "(508) 771-9599",
    "types": "",
    "website": "",
    "source": "official_document"
  },
  {
    "name": "Harbor Community Health Center - Hyannis",
    "address": "735 Attucks Lane",
    "phone": "(508) 778-5420",
    "types": "Primary Care",
    "website": "",
    "source": "official_document"
  },
  {
    "name": "Greater Lawrence Family Health Center - Winthrop Avenue",
    "address": "73D Winthrop Avenue, Lawrence, MA 01841",
    "phone": "(978) 686-3017",
    "types": "Primary Care",
    "website": "",
    "source": "official_document"
  },
  {
    "name": "Greater Lawrence Family Health Center - Lawrence General Hospital",
    "address": "1 General Street, Lamprey Building, 4th floor, Lawrence, MA 01841",
    "phone": "(978) 686-3017",
    "types": "Hospital Services, Primary Care",
    "website": "",
    "source": "official_document"
  },
  {
    "name": "Greater Lawrence Family Health Center - Essex Street",
    "address": "700 Essex Street, Lawrence, MA 01841",
    "phone": "(978) 689-2400",
    "types": "Primary Care",
    "website": "",
    "source": "official_document"
  },
  {
    "name": "CHP Lee Family Practice",
    "address": "11 Quarry Hill Road, Lee, MA 01238",
    "phone": "(413) 243-0536",
    "types": "",
    "website": "",
    "source": "official_document"
  },
  {
    "name": "Leominster Community Health and Urgent Care Center",
    "address": "165 Mill Street, Leominster, MA 01453",
    "phone": "(978) 410-6111",
    "types": "",
    "website": "",
    "source": "official_document"
  },
  {
    "name": "Lowell Community Health Center--Metta Health Center",
    "address": "135 Jackson Street, Lowell, MA 01852",
    "phone": "(978) 937-9700",
    "types": "Primary Care",
    "website": "",
    "source": "official_document"
  },
  {
    "name": "Market Square Family Health",
    "address": "",
    "phone": "(781) 596-3500",
    "types": "",
    "website": "",
    "source": "official_document"
  },
  {
    "name": "Lynn Community Health Center - Buffum Street",
    "address": "73 Buffum Street, 2nd Floor Suite A, Lynn, MA 01901",
    "phone": "(781) 691-9486",
    "types": "Primary Care",
    "website": "",
    "source": "official_document"
  },
  {
    "name": "South Cove Community Health Center - Malden",
    "address": "277 Commercial Street, Malden, MA 02148",
    "phone": "(781) 912-2500",
    "types": "Primary Care",
    "website": "",
    "source": "official_document"
  },
  {
    "name": "Island Health Care",
    "address": "245 Vineyard Haven Road",
    "phone": "(508) 939-9358",
    "types": "",
    "website": "",
    "source": "official_document"
  },
  {
    "name": "Community Health Center of Cape Cod",
    "address": "107 Commercial Street",
    "phone": "(508) 477-7090",
    "types": "Primary Care",
    "website": "",
    "source": "official_document"
  },
  {
    "name": "Harbor Health Services",
    "address": "1135 Morton Street",
    "phone": "(617) 533-2300",
    "types": "",
    "website": "",
    "source": "official_document"
  },
  {
    "name": "Mattapan Community Health Center",
    "address": "1575 Blue Hill Avenue",
    "phone": "(617) 296-0061",
    "types": "Primary Care",
    "website": "",
    "source": "official_document"
  },
  {
    "name": "Edward M. Kennedy Community Health Center - Milford",
    "address": "42 Cape Road, Suite 107",
    "phone": "(800) 853-2288",
    "types": "Primary Care",
    "website": "",
    "source": "official_document"
  },
  {
    "name": "71 Hospital Avenue",
    "address": "",
    "phone": "(413) 664-4088",
    "types": "Hospital Services",
    "website": "",
    "source": "official_document"
  },
  {
    "name": "CHP Berkshire Pediatrics",
    "address": "777 North Street, Pittsfield, MA 01201",
    "phone": "(413) 499-8531",
    "types": "Pediatric Care",
    "website": "",
    "source": "official_document"
  },
  {
    "name": "Harbor Community Health Center - Plymouth",
    "address": "",
    "phone": "(508) 778-4570",
    "types": "Primary Care",
    "website": "",
    "source": "official_document"
  },
  {
    "name": "Provincetown Health Center",
    "address": "",
    "phone": "(508) 487-9395",
    "types": "Primary Care",
    "website": "",
    "source": "official_document"
  },
  {
    "name": "South Cove Community Health Center- Holmes Street",
    "address": "88 Holmes Street",
    "phone": "(617) 318-3200",
    "types": "Primary Care",
    "website": "",
    "source": "official_document"
  },
  {
    "name": "Manet Community Health Center - Snug Harbor",
    "address": "9 Bicknell Street, Quincy, MA 02171",
    "phone": "(617) 471-4715",
    "types": "Primary Care",
    "website": "",
    "source": "official_document"
  },
  {
    "name": "Dimock Community Health Center",
    "address": "45 Dimock Street",
    "phone": "(617) 442-8800",
    "types": "Primary Care",
    "website": "",
    "source": "official_document"
  },
  {
    "name": "Whittier Street Health Center",
    "address": "1125 Tremont Street",
    "phone": "(617) 427-1000",
    "types": "Primary Care",
    "website": "",
    "source": "official_document"
  },
  {
    "name": "Ellen Jones Community Dental Center",
    "address": "516 Route 134 Suite 12, South Dennis, MA 02660",
    "phone": "(508) 778-5400",
    "types": "Dental Care",
    "website": "",
    "source": "official_document"
  },
  {
    "name": "Caring Health Center in the South End",
    "address": "1040 Main Street, Springfield, MA 01103",
    "phone": "(413) 739-1100",
    "types": "Primary Care",
    "website": "",
    "source": "official_document"
  },
  {
    "name": "Springfield Health Services for the Homeless",
    "address": "311 State Street, Springfield, MA 01103",
    "phone": "(413) 750-2067",
    "types": "",
    "website": "",
    "source": "official_document"
  },
  {
    "name": "Charles River Community Health Center - Waltham",
    "address": "43 Foundry Street, Waltham, MA 02452",
    "phone": "(781) 693-3800",
    "types": "Primary Care",
    "website": "",
    "source": "official_document"
  },
  {
    "name": "Greater New Bedford Community Health Center - Wareham",
    "address": "127 Marion Road, Wareham, MA 02571",
    "phone": "(774) 678-4673",
    "types": "Primary Care",
    "website": "",
    "source": "official_document"
  },
  {
    "name": "Wellfleet Health Center",
    "address": "3130 State Highway, Route 6",
    "phone": "(508) 349-3131",
    "types": "Primary Care",
    "website": "",
    "source": "official_document"
  },
  {
    "name": "Outer Cape Health Services, Inc. - Wellfleet Health Center",
    "address": "3173 State Highway, Route 6",
    "phone": "(508) 349-1311",
    "types": "Primary Care",
    "website": "",
    "source": "official_document"
  },
  {
    "name": "Worcester Lincoln Street",
    "address": "585 Lincoln Street, Worcester, MA 01605",
    "phone": "(508) 854-2122",
    "types": "",
    "website": "",
    "source": "official_document"
  },
  {
    "name": "Edward M. Kennedy Community Health Center - 631 Lincoln Street",
    "address": "631 Lincoln Street, Worcester, MA 01605",
    "phone": "(508) 854-3260",
    "types": "Primary Care",
    "website": "",
    "source": "official_document"
  },
  {
    "name": "Edward M. Kennedy Community Health Center - Norwich Street",
    "address": "11 Norwich Street, Worcester, MA 01608",
    "phone": "(800) 853-2288",
    "types": "Primary Care",
    "website": "",
    "source": "official_document"
  },
  {
    "name": "Family Health Center of Worcester",
    "address": "26 Queen Street, Worcester, MA 01610",
    "phone": "(508) 860-7700",
    "types": "Primary Care",
    "website": "",
    "source": "official_document"
  },
  {
    "name": "Family Health Center of Worcester at Webster Square",
    "address": "645 Park Street, Worcester, MA 01603",
    "phone": "(508) 792-7580",
    "types": "Primary Care",
    "website": "",
    "source": "official_document"
  },
  {
    "name": "Community HealthLink",
    "address": "72 Jaques Avenue, Worcester, MA 01603",
    "phone": "(508) 792-7580",
    "types": "",
    "website": "",
    "source": "official_document"
  },
  {
    "name": "Community HealthLink-Chandler St",
    "address": "162 Chandler Street, Worcester, MA 01603",
    "phone": "(508) 792-7580",
    "types": "",
    "website": "",
    "source": "official_document"
  },
  {
    "name": "Community HealthLink-Queen St",
    "address": "12 Queen Street, Worcester, MA 01603",
    "phone": "(508) 792-7580",
    "types": "",
    "website": "",
    "source": "official_document"
  },
  {
    "name": "Community HealthLink-Spruce St",
    "address": "40 Spruce Street, Worcester, MA 01603",
    "phone": "(508) 792-7580",
    "types": "",
    "website": "",
    "source": "official_document"
  },
  {
    "name": "Hilltown Community Health Center/Worthington Health Center",
    "address": "58 Old North Road",
    "phone": "(413) 238-5511",
    "types": "Primary Care",
    "website": "",
    "source": "official_document"
  }
]